Workbook

Sheet securities
A1: ticker | B1: name | C1: currency | D1: country | E1: sector
A2: AAPL | B2: Apple Inc. | C2: USD | D2: US | E2: Technology
A3: MSFT | B3: Microsoft Corporation | C3: USD | D3: US | E3: Technology
A4: TKM1T.TL | B4: Tallinna Kaubamaja Grupp | C4: EUR | D4: EE | E4: Consumer Staples
A5: LHV1T.TL | B5: LHV Group | C5: EUR | D5: EE | E5: Financials
A6: ARC1T.TL | B6: Arco Vara | C6: EUR | D6: EE | E6: Real Estate
A7: CPA1T.TL | B7: Coop Pank | C7: EUR | D7: EE | E7: Financials
A8: INF1T.TL | B8: Infortar | C8: EUR | D8: EE | E8: Industrials
A9: TAL1T.TL | B9: Tallink Grupp | C9: EUR | D9: EE | E9: Consumer Discretionary
A10: TVE1T.TL | B10: Tallinna Vesi | C10: EUR | D10: EE | E10: Utilities

Sheet transactions
A1: date | B1: ticker | C1: action | D1: quantity | E1: price_per_unit | F1: currency | G1: gross_amount | H1: notes
A2: 45672 | B2: AAPL | C2: BUY | D2: 10 | E2: 230.5 | F2: =VLOOKUP(B2,securities!A:C,3,FALSE()) -> USD | G2: =IF(C2="BUY",-D2*E2,IF(C2="SELL",D2*E2,0)) -> -2305 | H2: initial position
A3: 45698 | B3: MSFT | C3: BUY | D3: 5 | E3: 412 | F3: =VLOOKUP(B3,securities!A:C,3,FALSE()) -> USD | G3: =IF(C3="BUY",-D3*E3,IF(C3="SELL",D3*E3,0)) -> -2060
A4: 45708 | B4: TKM1T.TL | C4: BUY | D4: 50 | E4: 9.8 | F4: =VLOOKUP(B4,securities!A:C,3,FALSE()) -> EUR | G4: =IF(C4="BUY",-D4*E4,IF(C4="SELL",D4*E4,0)) -> -490
A5: 45721 | B5: LHV1T.TL | C5: BUY | D5: 30 | E5: 4.55 | F5: =VLOOKUP(B5,securities!A:C,3,FALSE()) -> EUR | G5: =IF(C5="BUY",-D5*E5,IF(C5="SELL",D5*E5,0)) -> -136.5
A6: 45759 | B6: AAPL | C6: BUY | D6: 5 | E6: 198 | F6: =VLOOKUP(B6,securities!A:C,3,FALSE()) -> USD | G6: =IF(C6="BUY",-D6*E6,IF(C6="SELL",D6*E6,0)) -> -990 | H6: averaging down
A7: 45797 | B7: TKM1T.TL | C7: BUY | D7: 25 | E7: 10.2 | F7: =VLOOKUP(B7,securities!A:C,3,FALSE()) -> EUR | G7: =IF(C7="BUY",-D7*E7,IF(C7="SELL",D7*E7,0)) -> -255
A8: 45823 | B8: MSFT | C8: SELL | D8: 2 | E8: 458 | F8: =VLOOKUP(B8,securities!A:C,3,FALSE()) -> USD | G8: =IF(C8="BUY",-D8*E8,IF(C8="SELL",D8*E8,0)) -> 916 | H8: partial profit taking
A9: 45891 | B9: LHV1T.TL | C9: SELL | D9: 10 | E9: 5.1 | F9: =VLOOKUP(B9,securities!A:C,3,FALSE()) -> EUR | G9: =IF(C9="BUY",-D9*E9,IF(C9="SELL",D9*E9,0)) -> 51 | H9: trim
A10: 45910 | B10: AAPL | C10: SELL | D10: 5 | E10: 245 | F10: =VLOOKUP(B10,securities!A:C,3,FALSE()) -> USD | G10: =IF(C10="BUY",-D10*E10,IF(C10="SELL",D10*E10,0)) -> 1225
A11: 45935 | B11: TKM1T.TL | C11: SELL | D11: 20 | E11: 11.5 | F11: =VLOOKUP(B11,securities!A:C,3,FALSE()) -> EUR | G11: =IF(C11="BUY",-D11*E11,IF(C11="SELL",D11*E11,0)) -> 230
A12: 46037 | B12: LHV1T.TL | C12: BUY | D12: 50 | E12: 3.2 | F12: =VLOOKUP(B12,securities!A:C,3,FALSE()) -> EUR | G12: =IF(C12="BUY",-D12*E12,IF(C12="SELL",D12*E12,0)) -> -160
A13: 46042 | B13: ARC1T.TL | C13: BUY | D13: 100 | E13: 1.335 | F13: =VLOOKUP(B13,securities!A:C,3,FALSE()) -> EUR | G13: =IF(C13="BUY",-D13*E13,IF(C13="SELL",D13*E13,0)) -> -133.5
A14: 46046 | B14: CPA1T.TL | C14: BUY | D14: 20 | E14: 2.29 | F14: =VLOOKUP(B14,securities!A:C,3,FALSE()) -> EUR | G14: =IF(C14="BUY",D14*E14,IF(C14="SELL",D14*E14,0)) -> 45.8
A15: 46050 | B15: INF1T.TL | C15: BUY | D15: 5 | E15: 47.6 | F15: =VLOOKUP(B15,securities!A:C,3,FALSE()) -> EUR | G15: =IF(C15="BUY",-D15*E15,IF(C15="SELL",D15*E15,0)) -> -238
A16: 46053 | B16: TAL1T.TL | C16: BUY | D16: 100 | E16: 0.62 | F16: =VLOOKUP(B16,securities!A:C,3,FALSE()) -> EUR | G16: =IF(C16="BUY",-D16*E16,IF(C16="SELL",D16*E16,0)) -> -62
A17: 46057 | B17: TKM1T.TL | C17: SELL | D17: 20 | E17: 11.2 | F17: =VLOOKUP(B17,securities!A:C,3,FALSE()) -> EUR | G17: =IF(C17="BUY",-D17*E17,IF(C17="SELL",D17*E17,0)) -> 224
A18: 46060 | B18: LHV1T.TL | C18: SELL | D18: 10 | E18: 3.452 | F18: =VLOOKUP(B18,securities!A:C,3,FALSE()) -> EUR | G18: =IF(C18="BUY",-D18*E18,IF(C18="SELL",D18*E18,0)) -> 34.52
A19: 46098 | B19: INF1T.TL | C19: BUY | D19: 5 | E19: 47.8 | F19: =VLOOKUP(B19,securities!A:C,3,FALSE()) -> EUR | G19: =IF(C19="BUY",-D19*E19,IF(C19="SELL",D19*E19,0)) -> -239
A20: 46102 | B20: ARC1T.TL | C20: SELL | D20: 50 | E20: 1.39 | F20: =VLOOKUP(B20,securities!A:C,3,FALSE()) -> EUR | G20: =IF(C20="BUY",-D20*E20,IF(C20="SELL",D20*E20,0)) -> 69.5
A21: 46107 | B21: INF1T.TL | C21: SELL | D21: 2 | E21: 48 | F21: =VLOOKUP(B21,securities!A:C,3,FALSE()) -> EUR | G21: =IF(C21="BUY",-D21*E21,IF(C21="SELL",D21*E21,0)) -> 96
A22: 46113 | B22: TAL1T.TL | C22: BUY | D22: 100 | E22: 0.4 | F22: =VLOOKUP(B22,securities!A:C,3,FALSE()) -> EUR | G22: =IF(C22="BUY",-D22*E22,IF(C22="SELL",D22*E22,0)) -> -40
A23: 46128 | B23: CPA1T.TL | C23: SELL | D23: 10 | E23: 2.33 | F23: =VLOOKUP(B23,securities!A:C,3,FALSE()) -> EUR | G23: =IF(C23="BUY",-D23*E23,IF(C23="SELL",D23*E23,0)) -> 23.3
A24: 46145 | B24: TVE1T.TL | C24: BUY | D24: 20 | E24: 10.85 | F24: =VLOOKUP(B24,securities!A:C,3,FALSE()) -> EUR | G24: =IF(C24="BUY",-D24*E24,IF(C24="SELL",D24*E24,0)) -> -217
A25: 46167 | B25: TAL1T.TL | C25: SELL | D25: 100 | E25: 0.65 | F25: =VLOOKUP(B25,securities!A:C,3,FALSE()) -> EUR | G25: =IF(C25="BUY",-D25*E25,IF(C25="SELL",D25*E25,0)) -> 65
